{"stats":{"minecraft:killed":{"minecraft:bogged":4,"minecraft:spider":1,"minecraft:slime":4,"minecraft:skeleton":3,"minecraft:pig":1,"minecraft:sheep":2,"minecraft:zombie":7,"minecraft:breeze":4,"minecraft:cow":4},"minecraft:dropped":{"minecraft:iron_ingot":11,"minecraft:wheat_seeds":4,"minecraft:cooked_beef":4,"minecraft:glow_ink_sac":3,"minecraft:baked_potato":3,"minecraft:golden_pickaxe":2,"minecraft:diamond":1,"minecraft:decorated_pot":1,"minecraft:crossbow":1,"minecraft:cobblestone":1,"minecraft:red_mushroom":1,"minecraft:emerald":13,"minecraft:iron_block":1,"minecraft:dirt":5,"minecraft:string":1,"minecraft:gold_ingot":2,"minecraft:bone":4,"minecraft:chiseled_tuff_bricks":2,"minecraft:tipped_arrow":4,"minecraft:flower_pot":1,"minecraft:andesite":7,"minecraft:melon_seeds":2,"minecraft:cake":1,"minecraft:breeze_rod":7,"minecraft:barrel":1,"minecraft:wooden_pickaxe":1,"minecraft:raw_gold":2,"minecraft:brick":36},"minecraft:killed_by":{"minecraft:drowned":1},"minecraft:crafted":{"minecraft:furnace":1,"minecraft:cooked_mutton":3,"minecraft:iron_boots":1,"minecraft:iron_axe":1,"minecraft:stone_pickaxe":1,"minecraft:cooked_beef":9,"minecraft:cooked_porkchop":1,"minecraft:crafting_table":2,"minecraft:wooden_pickaxe":2,"minecraft:iron_helmet":2,"minecraft:iron_sword":1,"minecraft:bucket":1,"minecraft:stone_axe":1,"minecraft:air":0,"minecraft:iron_chestplate":1,"minecraft:shield":1,"minecraft:stick":24,"minecraft:iron_ingot":63,"minecraft:iron_pickaxe":2,"minecraft:iron_block":2,"minecraft:iron_leggings":2,"minecraft:acacia_planks":56,"minecraft:torch":4},"minecraft:mined":{"minecraft:tuff":2,"minecraft:acacia_log":17,"minecraft:grass_block":2,"minecraft:decorated_pot":3,"minecraft:chiseled_tuff_bricks":2,"minecraft:red_mushroom":1,"minecraft:tuff_bricks":20,"minecraft:furnace":3,"minecraft:iron_ore":46,"minecraft:cobbled_deepslate":3,"minecraft:polished_tuff":9,"minecraft:andesite":12,"minecraft:stone":61,"minecraft:acacia_leaves":4,"minecraft:red_bed":2,"minecraft:crafting_table":8,"minecraft:short_grass":12,"minecraft:copper_ore":3,"minecraft:tall_grass":2,"minecraft:cobblestone":1,"minecraft:deepslate_gold_ore":2,"minecraft:lapis_ore":2,"minecraft:sugar_cane":3,"minecraft:blue_bed":1,"minecraft:magenta_bed":1,"minecraft:waxed_copper_block":2,"minecraft:coal_ore":12,"minecraft:gravel":1,"minecraft:flower_pot":1,"minecraft:dirt":6,"minecraft:cobweb":1,"minecraft:acacia_sign":1,"minecraft:gold_ore":1,"minecraft:deepslate":55},"minecraft:picked_up":{"minecraft:crafting_table":9,"minecraft:ominous_bottle":1,"minecraft:flower_pot":1,"minecraft:golden_pickaxe":2,"minecraft:wooden_pickaxe":1,"minecraft:shield":1,"minecraft:brick":36,"minecraft:wind_charge":4,"minecraft:string":1,"minecraft:red_bed":2,"minecraft:raw_copper":8,"minecraft:iron_axe":1,"minecraft:cobbled_deepslate":57,"minecraft:beef":9,"minecraft:acacia_sign":1,"minecraft:trial_key":1,"minecraft:poppy":1,"minecraft:iron_pickaxe":1,"minecraft:guster_pottery_sherd":2,"minecraft:melon_slice":26,"minecraft:sugar_cane":6,"minecraft:furnace":3,"minecraft:tipped_arrow":14,"minecraft:stick":2,"minecraft:raw_iron":83,"minecraft:torch":5,"minecraft:acacia_log":17,"minecraft:porkchop":1,"minecraft:cake":4,"minecraft:redstone":64,"minecraft:arrow":19,"minecraft:diamond_chestplate":1,"minecraft:rotten_flesh":9,"minecraft:decorated_pot":2,"minecraft:diamond_boots":1,"minecraft:iron_block":6,"minecraft:gold_ingot":4,"minecraft:tuff_bricks":60,"minecraft:mutton":3,"minecraft:white_wool":2,"minecraft:cobblestone":72,"minecraft:cooked_beef":2,"minecraft:glow_ink_sac":4,"minecraft:andesite":8,"minecraft:leather":3,"minecraft:red_mushroom":1,"minecraft:tuff":2,"minecraft:waxed_copper_block":2,"minecraft:magenta_bed":2,"minecraft:blue_bed":3,"minecraft:lapis_lazuli":14,"minecraft:dirt":16,"minecraft:bone":4,"minecraft:wheat_seeds":4,"minecraft:raw_gold":5,"minecraft:iron_ingot":35,"minecraft:honeycomb":1,"minecraft:gravel":2,"minecraft:blast_furnace":1,"minecraft:diamond_block":1,"minecraft:polished_tuff":10,"minecraft:barrel":1,"minecraft:slime_ball":3,"minecraft:diamond":1,"minecraft:iron_helmet":1,"minecraft:breeze_rod":14,"minecraft:crossbow":2,"minecraft:bread":1,"minecraft:emerald":34,"minecraft:baked_potato":2,"minecraft:melon_seeds":2,"minecraft:coal":21,"minecraft:ominous_trial_key":2,"minecraft:chiseled_tuff_bricks":2},"minecraft:custom":{"minecraft:mob_kills":30,"minecraft:interact_with_crafting_table":21,"minecraft:open_barrel":4,"minecraft:leave_game":6,"minecraft:time_since_death":8616,"minecraft:climb_one_cm":8189,"minecraft:sprint_one_cm":297261,"minecraft:walk_one_cm":160582,"minecraft:damage_blocked_by_shield":60,"minecraft:drop":40,"minecraft:play_time":92187,"minecraft:deaths":3,"minecraft:sneak_time":6889,"minecraft:walk_under_water_one_cm":21015,"minecraft:jump":1201,"minecraft:walk_on_water_one_cm":3846,"minecraft:total_world_time":92187,"minecraft:interact_with_furnace":50,"minecraft:sleep_in_bed":3,"minecraft:time_since_rest":5621,"minecraft:damage_taken":1888,"minecraft:damage_dealt":5202,"minecraft:swim_one_cm":27045,"minecraft:fly_one_cm":223615,"minecraft:open_chest":12,"minecraft:crouch_one_cm":17892,"minecraft:fall_one_cm":40330,"minecraft:inspect_dispenser":4},"minecraft:used":{"minecraft:acacia_log":3,"minecraft:poppy":1,"minecraft:shield":2,"minecraft:iron_sword":67,"minecraft:trial_key":1,"minecraft:torch":5,"minecraft:dirt":5,"minecraft:tuff":2,"minecraft:iron_block":1,"minecraft:iron_axe":5,"minecraft:iron_helmet":1,"minecraft:diamond_chestplate":1,"minecraft:ominous_bottle":1,"minecraft:furnace":4,"minecraft:cooked_beef":7,"minecraft:cobbled_deepslate":57,"minecraft:iron_leggings":1,"minecraft:cooked_mutton":3,"minecraft:water_bucket":12,"minecraft:stone_pickaxe":70,"minecraft:baked_potato":9,"minecraft:wooden_pickaxe":34,"minecraft:glow_ink_sac":1,"minecraft:waxed_copper_block":2,"minecraft:crafting_table":9,"minecraft:red_bed":1,"minecraft:crossbow":1,"minecraft:polished_tuff":10,"minecraft:ominous_trial_key":2,"minecraft:acacia_sign":1,"minecraft:wind_charge":4,"minecraft:melon_slice":7,"minecraft:iron_pickaxe":138,"minecraft:stone_axe":33,"minecraft:cobblestone":30,"minecraft:cooked_porkchop":1,"minecraft:bucket":13}},"DataVersion":3953}