{"stats":{"minecraft:killed":{"minecraft:bogged":4,"minecraft:spider":1,"minecraft:slime":4,"minecraft:skeleton":3,"minecraft:pig":1,"minecraft:sheep":2,"minecraft:zombie":7,"minecraft:breeze":4,"minecraft:cow":4},"minecraft:dropped":{"minecraft:iron_ingot":11,"minecraft:wheat_seeds":2,"minecraft:cooked_beef":4,"minecraft:baked_potato":3,"minecraft:glow_ink_sac":3,"minecraft:golden_pickaxe":2,"minecraft:diamond":1,"minecraft:decorated_pot":1,"minecraft:crossbow":1,"minecraft:cobblestone":1,"minecraft:red_mushroom":1,"minecraft:emerald":13,"minecraft:dirt":5,"minecraft:string":1,"minecraft:gold_ingot":2,"minecraft:bone":4,"minecraft:chiseled_tuff_bricks":2,"minecraft:tipped_arrow":4,"minecraft:flower_pot":1,"minecraft:andesite":7,"minecraft:cake":1,"minecraft:breeze_rod":7,"minecraft:barrel":1,"minecraft:wooden_pickaxe":1,"minecraft:raw_gold":2,"minecraft:brick":36},"minecraft:crafted":{"minecraft:furnace":1,"minecraft:cooked_mutton":3,"minecraft:stone_pickaxe":1,"minecraft:cooked_beef":9,"minecraft:cooked_porkchop":1,"minecraft:crafting_table":2,"minecraft:wooden_pickaxe":2,"minecraft:iron_helmet":1,"minecraft:iron_sword":1,"minecraft:bucket":1,"minecraft:stone_axe":1,"minecraft:air":0,"minecraft:shield":1,"minecraft:stick":16,"minecraft:iron_ingot":27,"minecraft:iron_pickaxe":1,"minecraft:iron_leggings":1,"minecraft:acacia_planks":52,"minecraft:torch":4},"minecraft:mined":{"minecraft:tuff":2,"minecraft:acacia_log":15,"minecraft:grass_block":2,"minecraft:decorated_pot":3,"minecraft:chiseled_tuff_bricks":2,"minecraft:red_mushroom":1,"minecraft:tuff_bricks":20,"minecraft:furnace":3,"minecraft:iron_ore":46,"minecraft:cobbled_deepslate":3,"minecraft:polished_tuff":9,"minecraft:andesite":12,"minecraft:stone":61,"minecraft:acacia_leaves":4,"minecraft:crafting_table":6,"minecraft:short_grass":11,"minecraft:tall_grass":2,"minecraft:copper_ore":3,"minecraft:cobblestone":1,"minecraft:lapis_ore":2,"minecraft:deepslate_gold_ore":2,"minecraft:blue_bed":1,"minecraft:magenta_bed":1,"minecraft:waxed_copper_block":2,"minecraft:coal_ore":12,"minecraft:flower_pot":1,"minecraft:dirt":6,"minecraft:cobweb":1,"minecraft:acacia_sign":1,"minecraft:gold_ore":1,"minecraft:deepslate":55},"minecraft:picked_up":{"minecraft:crafting_table":6,"minecraft:ominous_bottle":1,"minecraft:flower_pot":1,"minecraft:golden_pickaxe":2,"minecraft:shield":1,"minecraft:brick":36,"minecraft:wind_charge":4,"minecraft:string":1,"minecraft:raw_copper":8,"minecraft:iron_axe":1,"minecraft:cobbled_deepslate":57,"minecraft:acacia_sign":1,"minecraft:beef":9,"minecraft:trial_key":1,"minecraft:iron_pickaxe":1,"minecraft:guster_pottery_sherd":2,"minecraft:furnace":3,"minecraft:tipped_arrow":14,"minecraft:raw_iron":83,"minecraft:torch":5,"minecraft:acacia_log":15,"minecraft:porkchop":1,"minecraft:cake":3,"minecraft:redstone":64,"minecraft:arrow":19,"minecraft:rotten_flesh":9,"minecraft:diamond_chestplate":1,"minecraft:decorated_pot":2,"minecraft:diamond_boots":1,"minecraft:iron_block":2,"minecraft:gold_ingot":4,"minecraft:tuff_bricks":40,"minecraft:mutton":3,"minecraft:white_wool":2,"minecraft:cobblestone":72,"minecraft:cooked_beef":2,"minecraft:glow_ink_sac":4,"minecraft:andesite":8,"minecraft:leather":3,"minecraft:red_mushroom":1,"minecraft:tuff":2,"minecraft:waxed_copper_block":2,"minecraft:magenta_bed":2,"minecraft:lapis_lazuli":14,"minecraft:dirt":13,"minecraft:blue_bed":2,"minecraft:bone":4,"minecraft:wheat_seeds":2,"minecraft:raw_gold":5,"minecraft:iron_ingot":23,"minecraft:honeycomb":1,"minecraft:diamond_block":1,"minecraft:polished_tuff":10,"minecraft:barrel":1,"minecraft:slime_ball":3,"minecraft:diamond":1,"minecraft:iron_helmet":1,"minecraft:breeze_rod":14,"minecraft:crossbow":2,"minecraft:bread":1,"minecraft:emerald":34,"minecraft:baked_potato":2,"minecraft:ominous_trial_key":2,"minecraft:coal":21,"minecraft:chiseled_tuff_bricks":2},"minecraft:custom":{"minecraft:mob_kills":30,"minecraft:interact_with_crafting_table":17,"minecraft:open_barrel":4,"minecraft:leave_game":6,"minecraft:time_since_death":5185,"minecraft:climb_one_cm":8189,"minecraft:sprint_one_cm":233686,"minecraft:walk_one_cm":143030,"minecraft:damage_blocked_by_shield":60,"minecraft:drop":35,"minecraft:play_time":80241,"minecraft:deaths":1,"minecraft:sneak_time":6487,"minecraft:walk_under_water_one_cm":4440,"minecraft:jump":938,"minecraft:walk_on_water_one_cm":1306,"minecraft:total_world_time":80241,"minecraft:interact_with_furnace":50,"minecraft:sleep_in_bed":2,"minecraft:time_since_rest":5218,"minecraft:damage_taken":1388,"minecraft:damage_dealt":5057,"minecraft:fly_one_cm":156515,"minecraft:swim_one_cm":7674,"minecraft:open_chest":11,"minecraft:crouch_one_cm":17667,"minecraft:fall_one_cm":34374,"minecraft:inspect_dispenser":4},"minecraft:used":{"minecraft:acacia_log":2,"minecraft:shield":2,"minecraft:iron_sword":67,"minecraft:trial_key":1,"minecraft:torch":5,"minecraft:dirt":5,"minecraft:tuff":2,"minecraft:iron_axe":2,"minecraft:iron_helmet":1,"minecraft:diamond_chestplate":1,"minecraft:ominous_bottle":1,"minecraft:furnace":4,"minecraft:cooked_beef":7,"minecraft:cobbled_deepslate":57,"minecraft:iron_leggings":1,"minecraft:cooked_mutton":3,"minecraft:water_bucket":12,"minecraft:stone_pickaxe":70,"minecraft:baked_potato":9,"minecraft:wooden_pickaxe":33,"minecraft:glow_ink_sac":1,"minecraft:waxed_copper_block":2,"minecraft:crafting_table":7,"minecraft:crossbow":1,"minecraft:polished_tuff":10,"minecraft:ominous_trial_key":2,"minecraft:acacia_sign":1,"minecraft:wind_charge":4,"minecraft:iron_pickaxe":138,"minecraft:stone_axe":33,"minecraft:cobblestone":30,"minecraft:cooked_porkchop":1,"minecraft:bucket":13}},"DataVersion":3953}