{"stats":{"minecraft:killed":{"minecraft:bogged":20,"minecraft:spider":8,"minecraft:slime":21,"minecraft:horse":1,"minecraft:skeleton":18,"minecraft:pig":4,"minecraft:iron_golem":1,"minecraft:bat":1,"minecraft:sheep":8,"minecraft:zombie":41,"minecraft:breeze":7,"minecraft:cow":1},"minecraft:dropped":{"minecraft:iron_ingot":15,"minecraft:wheat_seeds":2,"minecraft:glow_ink_sac":4,"minecraft:golden_pickaxe":2,"minecraft:diamond":2,"minecraft:crafting_table":2,"minecraft:cobblestone":1,"minecraft:ominous_trial_key":4,"minecraft:flint":1,"minecraft:stick":1,"minecraft:acacia_sign":2,"minecraft:iron_block":6,"minecraft:dirt":5,"minecraft:melon_slice":26,"minecraft:iron_leggings":1,"minecraft:iron_axe":1,"minecraft:iron_pickaxe":1,"minecraft:white_wool":4,"minecraft:acacia_planks":4,"minecraft:redstone":84,"minecraft:tuff_bricks":1,"minecraft:cobbled_deepslate":24,"minecraft:guster_banner_pattern":1,"minecraft:wheat":1,"minecraft:rotten_flesh":36,"minecraft:iron_boots":1,"minecraft:wind_charge":4,"minecraft:poppy":2,"minecraft:tipped_arrow":1,"minecraft:shield":1,"minecraft:trial_key":2,"minecraft:diamond_chestplate":2,"minecraft:cake":1,"minecraft:breeze_rod":2,"minecraft:spider_eye":2,"minecraft:barrel":2,"minecraft:diamond_boots":1},"minecraft:crafted":{"minecraft:oak_planks":16,"minecraft:furnace":2,"minecraft:cooked_mutton":11,"minecraft:diamond_helmet":1,"minecraft:iron_boots":1,"minecraft:diamond_leggings":1,"minecraft:iron_axe":1,"minecraft:stone_pickaxe":1,"minecraft:diamond_boots":2,"minecraft:diamond_sword":1,"minecraft:diamond_axe":1,"minecraft:crafting_table":2,"minecraft:wooden_pickaxe":1,"minecraft:iron_helmet":1,"minecraft:bucket":1,"minecraft:stone_axe":1,"minecraft:bread":2,"minecraft:air":0,"minecraft:diamond_pickaxe":1,"minecraft:acacia_sign":3,"minecraft:shield":1,"minecraft:stick":36,"minecraft:iron_ingot":96,"minecraft:iron_pickaxe":1,"minecraft:iron_block":9,"minecraft:iron_leggings":1,"minecraft:white_bed":1,"minecraft:acacia_planks":48,"minecraft:torch":68,"minecraft:diamond_chestplate":2},"minecraft:mined":{"minecraft:tuff":14,"minecraft:white_bed":1,"minecraft:mossy_cobblestone":4,"minecraft:deepslate_diamond_ore":47,"minecraft:waxed_oxidized_chiseled_copper":1,"minecraft:granite":7,"minecraft:acacia_log":12,"minecraft:grass_block":2,"minecraft:decorated_pot":41,"minecraft:chiseled_tuff_bricks":1,"minecraft:tuff_bricks":61,"minecraft:spawner":4,"minecraft:hay_block":32,"minecraft:waxed_oxidized_cut_copper":2,"minecraft:furnace":8,"minecraft:waxed_copper_grate":1,"minecraft:fire":1,"minecraft:iron_ore":51,"minecraft:barrel":1,"minecraft:polished_tuff":2,"minecraft:andesite":2,"minecraft:deepslate_lapis_ore":10,"minecraft:deepslate_iron_ore":71,"minecraft:iron_block":1,"minecraft:waxed_weathered_copper_bulb":1,"minecraft:stone":119,"minecraft:deepslate_redstone_ore":32,"minecraft:acacia_leaves":4,"minecraft:crafting_table":14,"minecraft:torch":10,"minecraft:short_grass":14,"minecraft:blast_furnace":1,"minecraft:melon":5,"minecraft:tall_grass":3,"minecraft:cobblestone":6,"minecraft:deepslate_gold_ore":19,"minecraft:grindstone":1,"minecraft:sugar_cane":3,"minecraft:diorite":1,"minecraft:wall_torch":1,"minecraft:waxed_copper_block":2,"minecraft:oak_log":26,"minecraft:coal_ore":37,"minecraft:waxed_oxidized_copper":2,"minecraft:gravel":8,"minecraft:dirt":7,"minecraft:cobweb":3,"minecraft:gold_ore":4,"minecraft:oak_leaves":27,"minecraft:deepslate":173},"minecraft:picked_up":{"minecraft:crafting_table":15,"minecraft:wheat":1,"minecraft:golden_pickaxe":2,"minecraft:shield":1,"minecraft:wind_charge":21,"minecraft:string":11,"minecraft:cobbled_deepslate":184,"minecraft:trial_key":3,"minecraft:poppy":2,"minecraft:melon_slice":26,"minecraft:sugar_cane":3,"minecraft:furnace":8,"minecraft:tipped_arrow":7,"minecraft:raw_iron":134,"minecraft:torch":11,"minecraft:acacia_log":12,"minecraft:porkchop":10,"minecraft:diorite":1,"minecraft:redstone":148,"minecraft:diamond_chestplate":1,"minecraft:arrow":95,"minecraft:rotten_flesh":56,"minecraft:hay_block":32,"minecraft:iron_block":2,"minecraft:flow_armor_trim_smithing_template":1,"minecraft:tuff_bricks":61,"minecraft:mutton":13,"minecraft:white_wool":7,"minecraft:cobblestone":112,"minecraft:cooked_beef":4,"minecraft:glow_ink_sac":5,"minecraft:andesite":2,"minecraft:flint":1,"minecraft:tuff":9,"minecraft:oak_log":26,"minecraft:dirt":5,"minecraft:lapis_lazuli":70,"minecraft:bone":35,"minecraft:bow":1,"minecraft:wheat_seeds":3,"minecraft:raw_gold":24,"minecraft:grindstone":1,"minecraft:iron_ingot":20,"minecraft:guster_banner_pattern":1,"minecraft:cooked_porkchop":4,"minecraft:gravel":23,"minecraft:white_bed":1,"minecraft:spider_eye":2,"minecraft:polished_tuff":1,"minecraft:barrel":2,"minecraft:slime_ball":16,"minecraft:diamond":62,"minecraft:granite":1,"minecraft:breeze_rod":8,"minecraft:gray_wool":1,"minecraft:bread":9,"minecraft:emerald":36,"minecraft:baked_potato":5,"minecraft:ominous_trial_key":6,"minecraft:coal":56},"minecraft:custom":{"minecraft:mob_kills":137,"minecraft:interact_with_crafting_table":27,"minecraft:open_barrel":3,"minecraft:leave_game":2,"minecraft:time_since_death":145589,"minecraft:climb_one_cm":7466,"minecraft:sprint_one_cm":465356,"minecraft:walk_one_cm":278499,"minecraft:damage_blocked_by_shield":1817,"minecraft:drop":63,"minecraft:talked_to_villager":2,"minecraft:play_time":145589,"minecraft:sneak_time":7090,"minecraft:walk_under_water_one_cm":8098,"minecraft:jump":2724,"minecraft:walk_on_water_one_cm":24247,"minecraft:total_world_time":145589,"minecraft:interact_with_furnace":48,"minecraft:sleep_in_bed":3,"minecraft:time_since_rest":4670,"minecraft:damage_taken":2615,"minecraft:damage_absorbed":42,"minecraft:damage_dealt":21332,"minecraft:fly_one_cm":437985,"minecraft:swim_one_cm":14458,"minecraft:open_chest":32,"minecraft:crouch_one_cm":20195,"minecraft:fall_one_cm":62308,"minecraft:inspect_dispenser":4,"minecraft:horse_one_cm":897848},"minecraft:used":{"minecraft:tuff_bricks":60,"minecraft:flint_and_steel":1,"minecraft:shield":56,"minecraft:rotten_flesh":25,"minecraft:trial_key":1,"minecraft:torch":79,"minecraft:diamond_helmet":1,"minecraft:tuff":1,"minecraft:granite":1,"minecraft:lava_bucket":1,"minecraft:iron_axe":16,"minecraft:iron_helmet":1,"minecraft:iron_boots":1,"minecraft:diamond_chestplate":5,"minecraft:furnace":8,"minecraft:cooked_beef":4,"minecraft:cobbled_deepslate":96,"minecraft:iron_leggings":1,"minecraft:cooked_mutton":13,"minecraft:water_bucket":50,"minecraft:diamond_boots":1,"minecraft:stone_pickaxe":74,"minecraft:baked_potato":5,"minecraft:wooden_pickaxe":6,"minecraft:diamond_axe":169,"minecraft:glow_ink_sac":1,"minecraft:golden_apple":1,"minecraft:crafting_table":15,"minecraft:white_bed":1,"minecraft:polished_tuff":1,"minecraft:diamond_pickaxe":517,"minecraft:ominous_trial_key":2,"minecraft:acacia_sign":1,"minecraft:wind_charge":17,"minecraft:bread":17,"minecraft:iron_pickaxe":93,"minecraft:gravel":23,"minecraft:stone_axe":30,"minecraft:diamond_sword":200,"minecraft:cobblestone":6,"minecraft:cooked_porkchop":4,"minecraft:andesite":2,"minecraft:bucket":52,"minecraft:diamond_leggings":1}},"DataVersion":3953}